DonorId,FirstName,LastName,Gender,Age,Phone,Email,BloodGroup,Address,Message
1,Lucy,Garcia,F,45,707969651,lugar@gmail.com,A-,Regeringsgatan 2,Yo can come at any time
2,Carlos,Villa,M,33,777980989,carvil@gmail.com,AB-,Latngatan 4,Yo can come at any time
3,Christiano,Ronaldo,M,35,7382930,crron@gmail.com,AB+,Juventusgatan,Yo can come at any time
4,Marta,Angelo,F,36,787423742,marta@yahoo.com,B-,Brazilgatan 89,Yo can come at any time
5,Angela,Garcia,F,67,7437884232,agnl@gmail.com,A+,Brazilgatan 88,You can find many donors
6,Zizu,Alhagi,M,53,9235489423,zizadd@yahoo.com,AB-,Regeringsgatan 23,You can find many donors
7,Lucy,Angelo,F,43,90237899,lajasa45@gmail.com,O+,Vasagatan 45,You can find many donors
8,Charles,Chaplin,M,65,235872985,carv@gmail.com,A+,Juventusgatan  324,You can find many donors
9,Elisabeth,Goran,F,43,5235252565,eliz43@yahoo.com,A-,Latngatan 43,You can find many donors
10,Zuzu,Cambel,M,62,52352216346,czuh423@hotmail.com,B+,Luleogatan 34,You can find many donors
11,Garcia,Jordan,M,29,7547475474,garjio@hotmail.com,AB+,Vingåker 423,You can find many donors
12,Carolin,Olsson,F,30,6344636345,crklf95@gmail.com,O+,Eriksdal 31,You can find many donors
13,Sara,Johansson,F,44,8568567474,sarjo@gmail.com,O-,Lukdalvägen 43,You can find many donors
14,Cathlin ,Svensson,F,54,5474368474,sev4218cat@hotmail.com,AB-,Vällingby 43,You can find many donors
15,Eric,Borat,M,39,85685889634,erbor@gmail.com,A-,Kralskrona 43,You can find many donors
16,Kobe,Bryan,M,45,238788237,kobbr223@gmail.com,AB+,LcoNews 45,You can find many donors
17,Abraham,Adam,M,34,87592389923,abrriq@gmail.com,O+,Levygatan 323,You can find many donors
18,Carlsson,Levy,M,56,2398908789,carskaj@gmail.com,O-,Kralskrona 444,You can find many donors
19,Emilia,Hadgu,F,32,34809890,sdkjflk@yahoo.com,A-,Garisonvägen 423,You can find many donors
20,Jelhanti,Kabo,F,53,2398098054,fklsjf2gmail.com,AB-,Jelhanti 4239u,You can find many donors
21,Temerxa,Brhane,F,45,5237258989,soljdsj2gmail.om,B+,kokobela 49,You can find many donors
